dc_id,age,name
1,36,Kelsy Goldsack
2,42,Nonie Packman
3,73,Merill Busen
4,25,Reamonn Fyall
5,21,Chaddie Bletso
6,28,Nonie Packman
7,74,Chaddie Bletso
8,62,Elbertina Oaten
9,25,Kelsy Goldsack
10,23,Anni Farny
11,74,Marquita Oty
12,53,Anni Farny
13,88,Anni Farny
14,22,Zorine Mordaunt
15,57,Lissi Vassie
16,72,Reamonn Fyall
17,52,Lissi Vassie
18,55,Rina Yukhnini
19,87,Zorine Mordaunt
20,46,Abram Keach
21,65,Yard Sodo
22,3,Robbie Grishukhin
23,85,Donella Grammer
24,47,Kelsy Goldsack
25,64,Adair Kingzet
26,1,Carlye Ferreri
27,69,Nonie Packman
28,44,Grissel Berwick
29,81,Merill Busen
30,44,Robbie Grishukhin
31,82,Shirl Norsworthy
32,20,Corilla Mifflin
33,35,Nonie Packman
34,1,Lissi Vassie
35,51,Rina Yukhnini
36,88,Vania Tomasek
37,19,Robbie Grishukhin
38,87,Donella Grammer
39,29,Lissi Vassie
40,29,Lissi Vassie
41,75,Harli Lazarus
42,20,Lissi Vassie
43,66,Abram Keach
44,70,Reamonn Fyall
45,33,Corilla Mifflin
46,9,Abram Keach
47,30,Reamonn Fyall
48,42,Kelsy Goldsack
49,63,Lissi Vassie
50,39,Adair Kingzet
51,76,Harli Lazarus
52,72,Donella Grammer
53,44,Donella Grammer
54,11,Carlye Ferreri
55,27,Merill Busen
56,88,Moises Sharpley
57,28,Reamonn Fyall
58,6,Donella Grammer
59,56,Elbertina Oaten
60,52,Vania Tomasek
61,53,Shirl Norsworthy
62,84,Lissi Vassie
63,10,Vania Tomasek
64,27,Woodie Dulake
65,62,Elbertina Oaten
66,88,Merill Busen
67,74,Lena Roskruge
68,70,Elbertina Oaten
69,57,Harli Lazarus
70,20,Torry O' Kelleher
71,69,Yard Sodo
72,66,Vania Tomasek
73,67,Nonie Packman
74,7,Moises Sharpley
75,37,Abram Keach
76,80,Abram Keach
77,67,Kelsy Goldsack
78,22,Moises Sharpley
79,24,Elbertina Oaten
80,9,Woodie Dulake
81,50,Carlye Ferreri
82,30,Shirl Norsworthy
83,27,Moises Sharpley
84,3,Yard Sodo
85,11,Kelsy Goldsack
86,13,Shirl Norsworthy
87,28,Carlye Ferreri
88,83,Bjorn Fyrth
89,40,Yard Sodo
90,76,Lissi Vassie
91,69,Bjorn Fyrth
92,23,Lissi Vassie
93,71,Anni Farny
94,37,Marquita Oty
95,21,Harli Lazarus
96,15,Harli Lazarus
97,42,Reamonn Fyall
98,88,Federica Wallage
99,90,Grissel Berwick
100,69,Lissi Vassie
101,46,Carlye Ferreri
102,25,Lissi Vassie
103,58,Torry O' Kelleher
104,29,Nonie Packman
105,86,Nonie Packman
106,67,Lena Roskruge
107,5,Anni Farny
108,31,Elbertina Oaten
109,22,Rina Yukhnini
110,66,Moises Sharpley
111,38,Corilla Mifflin
112,21,Nonie Packman
113,26,Yard Sodo
114,40,Rina Yukhnini
115,68,Chaddie Bletso
116,27,Moises Sharpley
117,75,Carlye Ferreri
118,6,Nonie Packman
119,73,Torry O' Kelleher
120,71,Zorine Mordaunt
121,65,Harli Lazarus
122,17,Yard Sodo
123,62,Harli Lazarus
124,79,Vania Tomasek
125,66,Adair Kingzet
126,37,Federica Wallage
127,85,Shirl Norsworthy
128,5,Merill Busen
129,33,Zorine Mordaunt
130,68,Chaddie Bletso
131,60,Adair Kingzet
132,33,Lena Roskruge
133,6,Federica Wallage
134,7,Anni Farny
135,19,Nonie Packman
136,24,Chaddie Bletso
137,56,Moises Sharpley
138,52,Federica Wallage
139,72,Corilla Mifflin
140,16,Donella Grammer
141,68,Merill Busen
142,57,Zorine Mordaunt
143,7,Corilla Mifflin
144,11,Donella Grammer
145,22,Shirl Norsworthy
146,58,Zorine Mordaunt
147,11,Anni Farny
148,41,Bjorn Fyrth
149,40,Carlye Ferreri
150,57,Chaddie Bletso
151,32,Kelsy Goldsack
152,5,Bjorn Fyrth
153,26,Robbie Grishukhin
154,12,Anni Farny
155,84,Harli Lazarus
156,15,Adair Kingzet
157,3,Abram Keach
158,42,Moises Sharpley
159,12,Harli Lazarus
160,35,Zorine Mordaunt
161,88,Reamonn Fyall
162,67,Harli Lazarus
163,52,Vania Tomasek
164,72,Corilla Mifflin
165,62,Merill Busen
166,89,Lissi Vassie
167,35,Harli Lazarus
168,83,Corilla Mifflin
169,86,Federica Wallage
170,14,Marquita Oty
171,13,Anni Farny
172,26,Carlye Ferreri
173,34,Adair Kingzet
174,83,Vania Tomasek
175,85,Anni Farny
176,32,Federica Wallage
177,39,Woodie Dulake
178,66,Yard Sodo
179,26,Elbertina Oaten
180,83,Elbertina Oaten
181,56,Robbie Grishukhin
182,61,Elbertina Oaten
183,11,Corilla Mifflin
184,31,Elbertina Oaten
185,50,Harli Lazarus
186,25,Adair Kingzet
187,64,Torry O' Kelleher
188,53,Woodie Dulake
189,32,Merill Busen
190,57,Corilla Mifflin
191,8,Rina Yukhnini
192,29,Chaddie Bletso
193,47,Chaddie Bletso
194,73,Robbie Grishukhin
195,51,Robbie Grishukhin
196,85,Nonie Packman
197,7,Merill Busen
198,68,Lena Roskruge
199,50,Zorine Mordaunt
200,32,Merill Busen
201,39,Harli Lazarus
202,82,Elbertina Oaten
203,28,Torry O' Kelleher
204,2,Lissi Vassie
205,34,Nonie Packman
206,57,Moises Sharpley
207,54,Abram Keach
208,74,Abram Keach
209,50,Reamonn Fyall
210,67,Rina Yukhnini
211,26,Moises Sharpley
212,22,Merill Busen
213,27,Grissel Berwick
214,87,Merill Busen
215,84,Kelsy Goldsack
216,6,Reamonn Fyall
217,11,Robbie Grishukhin
218,47,Zorine Mordaunt
219,47,Harli Lazarus
220,54,Adair Kingzet
221,45,Harli Lazarus
222,40,Carlye Ferreri
223,27,Rina Yukhnini
224,41,Marquita Oty
225,28,Zorine Mordaunt
226,67,Federica Wallage
227,49,Moises Sharpley
228,76,Moises Sharpley
229,87,Vania Tomasek
230,52,Woodie Dulake
231,89,Elbertina Oaten
232,9,Woodie Dulake
233,87,Zorine Mordaunt
234,53,Anni Farny
235,86,Abram Keach
236,42,Donella Grammer
237,62,Kelsy Goldsack
238,50,Moises Sharpley
239,8,Anni Farny
240,73,Corilla Mifflin
241,5,Adair Kingzet
242,25,Rina Yukhnini
243,84,Adair Kingzet
244,25,Nonie Packman
245,23,Adair Kingzet
246,30,Woodie Dulake
247,13,Adair Kingzet
248,45,Reamonn Fyall
249,9,Robbie Grishukhin
250,50,Nonie Packman
251,85,Bjorn Fyrth
252,59,Carlye Ferreri
253,29,Abram Keach
254,23,Woodie Dulake
255,73,Woodie Dulake
256,70,Kelsy Goldsack
257,56,Adair Kingzet
258,48,Shirl Norsworthy
259,6,Shirl Norsworthy
260,34,Yard Sodo
261,5,Bjorn Fyrth
262,78,Merill Busen
263,25,Elbertina Oaten
264,21,Vania Tomasek
265,79,Moises Sharpley
266,53,Corilla Mifflin
267,74,Corilla Mifflin
268,14,Merill Busen
269,66,Lena Roskruge
270,12,Reamonn Fyall
271,71,Lena Roskruge
272,55,Harli Lazarus
273,8,Adair Kingzet
274,14,Kelsy Goldsack
275,12,Lena Roskruge
276,41,Torry O' Kelleher
277,44,Yard Sodo
278,57,Moises Sharpley
279,30,Carlye Ferreri
280,89,Marquita Oty
281,28,Merill Busen
282,44,Merill Busen
283,84,Bjorn Fyrth
284,26,Donella Grammer
285,71,Lena Roskruge
286,80,Federica Wallage
287,54,Elbertina Oaten
288,20,Anni Farny
289,62,Carlye Ferreri
290,19,Zorine Mordaunt
291,33,Torry O' Kelleher
292,30,Chaddie Bletso
293,82,Bjorn Fyrth
294,18,Federica Wallage
295,29,Kelsy Goldsack
296,12,Woodie Dulake
297,42,Federica Wallage
298,34,Donella Grammer
299,51,Nonie Packman
300,65,Corilla Mifflin
301,40,Marquita Oty
302,90,Zorine Mordaunt
303,3,Woodie Dulake
304,10,Anni Farny
305,89,Nonie Packman
306,54,Robbie Grishukhin
307,63,Harli Lazarus
308,1,Marquita Oty
309,75,Vania Tomasek
310,10,Reamonn Fyall
311,78,Merill Busen
312,1,Nonie Packman
313,83,Anni Farny
314,69,Robbie Grishukhin
315,36,Lena Roskruge
316,86,Moises Sharpley
317,1,Elbertina Oaten
318,18,Marquita Oty
319,83,Nonie Packman
320,55,Donella Grammer
321,68,Reamonn Fyall
322,12,Woodie Dulake
323,89,Harli Lazarus
324,73,Reamonn Fyall
325,84,Anni Farny
326,18,Abram Keach
327,35,Lena Roskruge
328,65,Nonie Packman
329,75,Vania Tomasek
330,81,Torry O' Kelleher
331,55,Robbie Grishukhin
332,31,Bjorn Fyrth
333,69,Adair Kingzet
334,87,Carlye Ferreri
335,15,Corilla Mifflin
336,81,Donella Grammer
337,77,Shirl Norsworthy
338,56,Zorine Mordaunt
339,87,Moises Sharpley
340,57,Lena Roskruge
341,50,Kelsy Goldsack
342,53,Carlye Ferreri
343,67,Lissi Vassie
344,16,Anni Farny
345,14,Grissel Berwick
346,55,Vania Tomasek
347,67,Yard Sodo
348,58,Harli Lazarus
349,33,Torry O' Kelleher
350,82,Yard Sodo
351,66,Chaddie Bletso
352,52,Harli Lazarus
353,75,Federica Wallage
354,32,Carlye Ferreri
355,7,Shirl Norsworthy
356,29,Donella Grammer
357,76,Chaddie Bletso
358,17,Merill Busen
359,10,Torry O' Kelleher
360,77,Elbertina Oaten
361,44,Elbertina Oaten
362,7,Kelsy Goldsack
363,4,Torry O' Kelleher
364,73,Kelsy Goldsack
365,60,Zorine Mordaunt
366,86,Donella Grammer
367,47,Elbertina Oaten
368,10,Lissi Vassie
369,57,Marquita Oty
370,52,Chaddie Bletso
371,78,Lissi Vassie
372,64,Lena Roskruge
373,76,Vania Tomasek
374,57,Merill Busen
375,88,Corilla Mifflin
376,10,Rina Yukhnini
377,36,Elbertina Oaten
378,33,Robbie Grishukhin
379,4,Carlye Ferreri
380,18,Bjorn Fyrth
381,39,Federica Wallage
382,82,Torry O' Kelleher
383,1,Reamonn Fyall
384,5,Vania Tomasek
385,76,Shirl Norsworthy
386,8,Chaddie Bletso
387,60,Carlye Ferreri
388,63,Shirl Norsworthy
389,69,Chaddie Bletso
390,76,Moises Sharpley
391,35,Lissi Vassie
392,10,Woodie Dulake
393,33,Kelsy Goldsack
394,82,Woodie Dulake
395,56,Yard Sodo
396,31,Harli Lazarus
397,12,Yard Sodo
398,26,Rina Yukhnini
399,16,Nonie Packman
400,8,Lissi Vassie
401,34,Zorine Mordaunt
402,35,Adair Kingzet
403,11,Federica Wallage
404,27,Bjorn Fyrth
405,60,Grissel Berwick
406,83,Chaddie Bletso
407,34,Yard Sodo
408,5,Chaddie Bletso
409,83,Grissel Berwick
410,54,Elbertina Oaten
411,60,Nonie Packman
412,80,Lena Roskruge
413,25,Vania Tomasek
414,40,Robbie Grishukhin
415,85,Elbertina Oaten
416,62,Kelsy Goldsack
417,33,Adair Kingzet
418,23,Kelsy Goldsack
419,83,Harli Lazarus
420,35,Abram Keach
421,4,Donella Grammer
422,83,Vania Tomasek
423,13,Robbie Grishukhin
424,89,Shirl Norsworthy
425,75,Woodie Dulake
426,82,Nonie Packman
427,36,Corilla Mifflin
428,60,Kelsy Goldsack
429,71,Carlye Ferreri
430,8,Chaddie Bletso
431,90,Chaddie Bletso
432,43,Harli Lazarus
433,54,Abram Keach
434,58,Lena Roskruge
435,35,Abram Keach
436,5,Nonie Packman
437,64,Adair Kingzet
438,6,Bjorn Fyrth
439,73,Corilla Mifflin
440,43,Merill Busen
441,14,Torry O' Kelleher
442,17,Zorine Mordaunt
443,15,Reamonn Fyall
444,89,Grissel Berwick
445,77,Lena Roskruge
446,83,Kelsy Goldsack
447,50,Torry O' Kelleher
448,90,Yard Sodo
449,73,Vania Tomasek
450,61,Elbertina Oaten
451,48,Reamonn Fyall
452,87,Reamonn Fyall
453,72,Marquita Oty
454,19,Marquita Oty
455,71,Shirl Norsworthy
456,61,Grissel Berwick
457,7,Marquita Oty
458,6,Donella Grammer
459,4,Lissi Vassie
460,20,Shirl Norsworthy
461,62,Vania Tomasek
462,90,Rina Yukhnini
463,45,Lena Roskruge
464,26,Torry O' Kelleher
465,35,Yard Sodo
466,60,Nonie Packman
467,75,Torry O' Kelleher
468,53,Woodie Dulake
469,43,Adair Kingzet
470,32,Moises Sharpley
471,56,Reamonn Fyall
472,25,Grissel Berwick
473,24,Shirl Norsworthy
474,64,Reamonn Fyall
475,73,Zorine Mordaunt
476,43,Chaddie Bletso
477,47,Donella Grammer
478,64,Grissel Berwick
479,45,Nonie Packman
480,71,Vania Tomasek
481,57,Elbertina Oaten
482,45,Marquita Oty
483,7,Harli Lazarus
484,45,Grissel Berwick
485,76,Torry O' Kelleher
486,73,Adair Kingzet
487,84,Shirl Norsworthy
488,67,Robbie Grishukhin
489,9,Yard Sodo
490,22,Kelsy Goldsack
491,48,Rina Yukhnini
492,72,Federica Wallage
493,22,Corilla Mifflin
494,66,Reamonn Fyall
495,50,Federica Wallage
496,15,Harli Lazarus
497,10,Yard Sodo
498,47,Lena Roskruge
499,60,Chaddie Bletso
500,10,Anni Farny
501,27,Carlye Ferreri
502,89,Merill Busen
503,35,Bjorn Fyrth
504,63,Rina Yukhnini
505,65,Adair Kingzet
506,20,Robbie Grishukhin
507,7,Corilla Mifflin
508,59,Federica Wallage
509,37,Vania Tomasek
510,41,Elbertina Oaten
511,20,Lissi Vassie
512,51,Reamonn Fyall
513,66,Merill Busen
514,68,Abram Keach
515,46,Lissi Vassie
516,25,Kelsy Goldsack
517,19,Adair Kingzet
518,32,Donella Grammer
519,26,Abram Keach
520,6,Federica Wallage
521,83,Federica Wallage
522,61,Moises Sharpley
523,22,Lissi Vassie
524,13,Nonie Packman
525,42,Bjorn Fyrth
526,69,Lissi Vassie
527,81,Bjorn Fyrth
528,50,Moises Sharpley
529,59,Bjorn Fyrth
530,27,Anni Farny
531,89,Moises Sharpley
532,7,Shirl Norsworthy
533,3,Anni Farny
534,28,Torry O' Kelleher
535,45,Anni Farny
536,38,Yard Sodo
537,62,Abram Keach
538,21,Harli Lazarus
539,13,Harli Lazarus
540,37,Bjorn Fyrth
541,38,Yard Sodo
542,13,Kelsy Goldsack
543,69,Marquita Oty
544,71,Anni Farny
545,16,Bjorn Fyrth
546,1,Reamonn Fyall
547,51,Corilla Mifflin
548,39,Grissel Berwick
549,83,Robbie Grishukhin
550,44,Chaddie Bletso
551,36,Kelsy Goldsack
552,12,Abram Keach
553,68,Rina Yukhnini
554,27,Nonie Packman
555,72,Robbie Grishukhin
556,7,Elbertina Oaten
557,38,Adair Kingzet
558,13,Abram Keach
559,72,Kelsy Goldsack
560,40,Abram Keach
561,26,Lissi Vassie
562,84,Lissi Vassie
563,29,Lissi Vassie
564,50,Grissel Berwick
565,82,Torry O' Kelleher
566,88,Torry O' Kelleher
567,70,Rina Yukhnini
568,13,Lissi Vassie
569,17,Chaddie Bletso
570,49,Torry O' Kelleher
571,6,Torry O' Kelleher
572,5,Donella Grammer
573,40,Nonie Packman
574,66,Federica Wallage
575,9,Federica Wallage
576,41,Lena Roskruge
577,20,Woodie Dulake
578,18,Federica Wallage
579,4,Kelsy Goldsack
580,41,Moises Sharpley
581,36,Kelsy Goldsack
582,76,Marquita Oty
583,87,Woodie Dulake
584,69,Yard Sodo
585,25,Yard Sodo
586,76,Vania Tomasek
587,64,Vania Tomasek
588,90,Corilla Mifflin
589,29,Lena Roskruge
590,88,Zorine Mordaunt
591,7,Donella Grammer
592,66,Reamonn Fyall
593,72,Abram Keach
594,12,Shirl Norsworthy
595,10,Nonie Packman
596,80,Carlye Ferreri
597,74,Elbertina Oaten
598,1,Elbertina Oaten
599,30,Anni Farny
600,61,Elbertina Oaten
601,30,Shirl Norsworthy
602,83,Moises Sharpley
603,56,Vania Tomasek
604,16,Lena Roskruge
605,6,Marquita Oty
606,21,Rina Yukhnini
607,77,Anni Farny
608,88,Elbertina Oaten
609,7,Robbie Grishukhin
610,41,Corilla Mifflin
611,54,Robbie Grishukhin
612,78,Nonie Packman
613,63,Federica Wallage
614,84,Carlye Ferreri
615,73,Chaddie Bletso
616,67,Robbie Grishukhin
617,89,Grissel Berwick
618,83,Carlye Ferreri
619,18,Elbertina Oaten
620,36,Vania Tomasek
621,76,Carlye Ferreri
622,48,Rina Yukhnini
623,75,Shirl Norsworthy
624,23,Abram Keach
625,61,Robbie Grishukhin
626,81,Nonie Packman
627,42,Reamonn Fyall
628,9,Bjorn Fyrth
629,35,Zorine Mordaunt
630,10,Woodie Dulake
631,26,Carlye Ferreri
632,74,Bjorn Fyrth
633,83,Lissi Vassie
634,39,Donella Grammer
635,47,Carlye Ferreri
636,9,Lissi Vassie
637,25,Yard Sodo
638,45,Nonie Packman
639,70,Elbertina Oaten
640,67,Grissel Berwick
641,44,Lissi Vassie
642,34,Robbie Grishukhin
643,13,Bjorn Fyrth
644,13,Elbertina Oaten
645,26,Vania Tomasek
646,5,Adair Kingzet
647,29,Anni Farny
648,84,Grissel Berwick
649,50,Grissel Berwick
650,3,Grissel Berwick
651,74,Marquita Oty
652,19,Rina Yukhnini
653,8,Harli Lazarus
654,64,Grissel Berwick
655,57,Torry O' Kelleher
656,38,Lena Roskruge
657,5,Donella Grammer
658,52,Lena Roskruge
659,67,Vania Tomasek
660,2,Lena Roskruge
661,10,Federica Wallage
662,86,Torry O' Kelleher
663,56,Lena Roskruge
664,70,Carlye Ferreri
665,29,Marquita Oty
666,72,Corilla Mifflin
667,82,Lena Roskruge
668,31,Lissi Vassie
669,81,Rina Yukhnini
670,80,Carlye Ferreri
671,61,Moises Sharpley
672,77,Carlye Ferreri
673,11,Rina Yukhnini
674,5,Donella Grammer
675,34,Chaddie Bletso
676,42,Reamonn Fyall
677,82,Marquita Oty
678,58,Lissi Vassie
679,15,Robbie Grishukhin
680,5,Robbie Grishukhin
681,24,Merill Busen
682,1,Zorine Mordaunt
683,50,Elbertina Oaten
684,39,Yard Sodo
685,64,Merill Busen
686,39,Harli Lazarus
687,25,Abram Keach
688,13,Corilla Mifflin
689,10,Nonie Packman
690,21,Grissel Berwick
691,42,Chaddie Bletso
692,83,Federica Wallage
693,47,Marquita Oty
694,35,Merill Busen
695,51,Zorine Mordaunt
696,11,Moises Sharpley
697,61,Corilla Mifflin
698,78,Zorine Mordaunt
699,54,Corilla Mifflin
700,28,Shirl Norsworthy
701,1,Elbertina Oaten
702,56,Corilla Mifflin
703,46,Lena Roskruge
704,7,Bjorn Fyrth
705,34,Carlye Ferreri
706,28,Nonie Packman
707,85,Corilla Mifflin
708,40,Elbertina Oaten
709,10,Elbertina Oaten
710,74,Federica Wallage
711,39,Carlye Ferreri
712,70,Harli Lazarus
713,73,Reamonn Fyall
714,20,Elbertina Oaten
715,82,Abram Keach
716,82,Grissel Berwick
717,89,Anni Farny
718,7,Abram Keach
719,39,Abram Keach
720,7,Harli Lazarus
721,71,Bjorn Fyrth
722,13,Anni Farny
723,86,Bjorn Fyrth
724,90,Lissi Vassie
725,19,Zorine Mordaunt
726,45,Elbertina Oaten
727,58,Robbie Grishukhin
728,7,Moises Sharpley
729,24,Woodie Dulake
730,35,Harli Lazarus
731,1,Robbie Grishukhin
732,71,Merill Busen
733,18,Federica Wallage
734,43,Marquita Oty
735,23,Abram Keach
736,11,Torry O' Kelleher
737,3,Reamonn Fyall
738,75,Yard Sodo
739,16,Harli Lazarus
740,68,Lena Roskruge
741,9,Adair Kingzet
742,60,Lissi Vassie
743,78,Moises Sharpley
744,57,Merill Busen
745,80,Federica Wallage
746,11,Bjorn Fyrth
747,83,Lena Roskruge
748,70,Grissel Berwick
749,67,Woodie Dulake
750,75,Torry O' Kelleher
751,42,Anni Farny
752,4,Zorine Mordaunt
753,15,Torry O' Kelleher
754,65,Anni Farny
755,25,Harli Lazarus
756,76,Merill Busen
757,38,Abram Keach
758,10,Corilla Mifflin
759,36,Robbie Grishukhin
760,82,Chaddie Bletso
761,90,Harli Lazarus
762,53,Corilla Mifflin
763,41,Kelsy Goldsack
764,1,Lena Roskruge
765,44,Merill Busen
766,43,Yard Sodo
767,45,Nonie Packman
768,80,Moises Sharpley
769,6,Lissi Vassie
770,54,Yard Sodo
771,87,Zorine Mordaunt
772,75,Elbertina Oaten
773,6,Lena Roskruge
774,79,Yard Sodo
775,39,Elbertina Oaten
776,59,Shirl Norsworthy
777,34,Donella Grammer
778,65,Bjorn Fyrth
779,80,Anni Farny
780,72,Zorine Mordaunt
781,31,Marquita Oty
782,88,Anni Farny
783,76,Zorine Mordaunt
784,17,Elbertina Oaten
785,70,Nonie Packman
786,65,Adair Kingzet
787,26,Grissel Berwick
788,39,Harli Lazarus
789,82,Merill Busen
790,62,Vania Tomasek
791,26,Donella Grammer
792,72,Donella Grammer
793,24,Marquita Oty
794,69,Corilla Mifflin
795,45,Anni Farny
796,70,Corilla Mifflin
797,59,Federica Wallage
798,58,Woodie Dulake
799,6,Reamonn Fyall
800,75,Torry O' Kelleher
801,45,Carlye Ferreri
802,38,Shirl Norsworthy
803,41,Donella Grammer
804,70,Rina Yukhnini
805,45,Grissel Berwick
806,36,Rina Yukhnini
807,73,Rina Yukhnini
808,21,Woodie Dulake
809,9,Merill Busen
810,90,Torry O' Kelleher
811,69,Elbertina Oaten
812,67,Nonie Packman
813,71,Anni Farny
814,57,Reamonn Fyall
815,87,Lena Roskruge
816,47,Rina Yukhnini
817,5,Abram Keach
818,77,Lissi Vassie
819,48,Kelsy Goldsack
820,67,Elbertina Oaten
821,52,Grissel Berwick
822,52,Kelsy Goldsack
823,16,Anni Farny
824,56,Lena Roskruge
825,9,Lena Roskruge
826,37,Anni Farny
827,78,Reamonn Fyall
828,85,Marquita Oty
829,62,Reamonn Fyall
830,47,Merill Busen
831,65,Abram Keach
832,6,Adair Kingzet
833,82,Donella Grammer
834,10,Chaddie Bletso
835,83,Woodie Dulake
836,24,Torry O' Kelleher
837,18,Shirl Norsworthy
838,1,Chaddie Bletso
839,14,Bjorn Fyrth
840,36,Federica Wallage
841,47,Robbie Grishukhin
842,40,Rina Yukhnini
843,50,Robbie Grishukhin
844,38,Lissi Vassie
845,87,Yard Sodo
846,29,Yard Sodo
847,36,Torry O' Kelleher
848,9,Federica Wallage
849,84,Zorine Mordaunt
850,3,Lena Roskruge
851,89,Adair Kingzet
852,80,Rina Yukhnini
853,8,Chaddie Bletso
854,15,Grissel Berwick
855,45,Reamonn Fyall
856,87,Lissi Vassie
857,87,Bjorn Fyrth
858,28,Harli Lazarus
859,20,Robbie Grishukhin
860,46,Elbertina Oaten
861,87,Bjorn Fyrth
862,4,Nonie Packman
863,90,Woodie Dulake
864,87,Reamonn Fyall
865,12,Abram Keach
866,3,Elbertina Oaten
867,39,Carlye Ferreri
868,22,Woodie Dulake
869,87,Nonie Packman
870,82,Elbertina Oaten
871,4,Marquita Oty
872,20,Kelsy Goldsack
873,12,Donella Grammer
874,84,Donella Grammer
875,48,Shirl Norsworthy
876,84,Grissel Berwick
877,25,Elbertina Oaten
878,20,Reamonn Fyall
879,67,Shirl Norsworthy
880,68,Adair Kingzet
881,62,Lissi Vassie
882,14,Vania Tomasek
883,58,Shirl Norsworthy
884,12,Zorine Mordaunt
885,85,Bjorn Fyrth
886,77,Moises Sharpley
887,71,Lena Roskruge
888,12,Marquita Oty
889,83,Federica Wallage
890,33,Carlye Ferreri
891,38,Lissi Vassie
892,69,Vania Tomasek
893,30,Grissel Berwick
894,47,Federica Wallage
895,48,Adair Kingzet
896,34,Elbertina Oaten
897,72,Donella Grammer
898,71,Lissi Vassie
899,76,Reamonn Fyall
900,3,Reamonn Fyall
901,50,Yard Sodo
902,59,Bjorn Fyrth
903,71,Rina Yukhnini
904,58,Grissel Berwick
905,30,Woodie Dulake
906,57,Federica Wallage
907,84,Merill Busen
908,75,Kelsy Goldsack
909,60,Lena Roskruge
910,74,Merill Busen
911,8,Carlye Ferreri
912,28,Shirl Norsworthy
913,9,Donella Grammer
914,3,Merill Busen
915,37,Shirl Norsworthy
916,44,Woodie Dulake
917,54,Rina Yukhnini
918,35,Donella Grammer
919,3,Rina Yukhnini
920,3,Donella Grammer
921,30,Abram Keach
922,58,Shirl Norsworthy
923,6,Adair Kingzet
924,6,Abram Keach
925,29,Adair Kingzet
926,87,Lissi Vassie
927,38,Corilla Mifflin
928,16,Shirl Norsworthy
929,74,Robbie Grishukhin
930,55,Kelsy Goldsack
931,7,Woodie Dulake
932,71,Zorine Mordaunt
933,7,Torry O' Kelleher
934,27,Rina Yukhnini
935,54,Corilla Mifflin
936,36,Adair Kingzet
937,47,Carlye Ferreri
938,63,Torry O' Kelleher
939,26,Corilla Mifflin
940,23,Shirl Norsworthy
941,72,Chaddie Bletso
942,22,Moises Sharpley
943,17,Lena Roskruge
944,53,Elbertina Oaten
945,27,Elbertina Oaten
946,23,Torry O' Kelleher
947,48,Woodie Dulake
948,73,Harli Lazarus
949,4,Grissel Berwick
950,74,Rina Yukhnini
951,49,Torry O' Kelleher
952,56,Carlye Ferreri
953,72,Lissi Vassie
954,72,Donella Grammer
955,81,Moises Sharpley
956,59,Reamonn Fyall
957,15,Lena Roskruge
958,49,Anni Farny
959,62,Adair Kingzet
960,79,Rina Yukhnini
961,4,Merill Busen
962,66,Abram Keach
963,61,Bjorn Fyrth
964,21,Woodie Dulake
965,41,Donella Grammer
966,32,Merill Busen
967,66,Corilla Mifflin
968,2,Corilla Mifflin
969,62,Robbie Grishukhin
970,67,Torry O' Kelleher
971,82,Shirl Norsworthy
972,44,Lena Roskruge
973,63,Lena Roskruge
974,11,Reamonn Fyall
975,6,Abram Keach
976,54,Reamonn Fyall
977,58,Donella Grammer
978,29,Elbertina Oaten
979,86,Kelsy Goldsack
980,77,Adair Kingzet
981,3,Lena Roskruge
982,58,Federica Wallage
983,23,Grissel Berwick
984,71,Merill Busen
985,67,Bjorn Fyrth
986,86,Bjorn Fyrth
987,37,Torry O' Kelleher
988,19,Grissel Berwick
989,60,Shirl Norsworthy
990,52,Elbertina Oaten
991,62,Woodie Dulake
992,71,Corilla Mifflin
993,2,Shirl Norsworthy
994,56,Chaddie Bletso
995,25,Corilla Mifflin
996,89,Yard Sodo
997,63,Vania Tomasek
998,67,Rina Yukhnini
999,29,Moises Sharpley
1000,55,Lena Roskruge
